{"base_files_url": "https://raw.githubusercontent.com/ajgowans/wip/a3abe6840ec101d2d45d6da36ae72b8cf38a7135/", "db_id": "ajgowans/wip", "db_url": "https://raw.githubusercontent.com/ajgowans/wip/db/db.json.zip", "files": {"_Arcade/Battletoads.mgl": {"hash": "faa70e6cb32839c3003e318424de884c", "size": 304, "tags": [18, 22, 23, 24]}, "_Arcade/cores/Battletoads_20230420.rbf": {"hash": "969defc4fc8b72f726e7922f60caed5b", "size": 4009100, "tags": [18, 23, 49, 50], "tangle": ["battletoads_core"]}, "_Unstable/240pSuite_20220511.rbf": {"hash": "10ab7b160ee37e7839af09e18934beda", "size": 3118508, "tags": [23, 51, 52], "tangle": ["240psuite_core"]}, "_Unstable/2ndrammemtest.rbf": {"hash": "867533402a651ce230ead3343fb7ae7a", "size": 2411640, "tags": [23, 51, 53]}, "_Unstable/ABC80_20250430.rbf": {"hash": "1eadad9dc806181e65d324412007ee9a", "size": 2585168, "tags": [23, 29, 51], "tangle": ["abc80_core"]}, "_Unstable/BasicMasterJr.rbf": {"hash": "99c793be0c91b057129cfcd6c3e0e5f3", "size": 2726416, "tags": [23, 51, 54]}, "_Unstable/BubbleUniverse_20260203.rbf": {"hash": "4e39d7014d426095048037bcdc005f10", "size": 3480924, "tags": [23, 51, 55], "tangle": ["bubbleuniverse_core"]}, "_Unstable/CDi_dvc_rc3.rbf": {"hash": "b572eb60de4012f4d9b84b5dddfa8ba4", "size": 3643872, "tags": [23, 51, 56]}, "_Unstable/F68kMiSTer_20240509.rbf": {"hash": "80c25368b2af990d23b493d2bfccddf8", "size": 3599756, "tags": [23, 51, 57], "tangle": ["f68kmister_core"]}, "_Unstable/FMR50_20260116.rbf": {"hash": "42c2ef3d6c31f20caafebc251916403e", "size": 4271444, "tags": [23, 51, 58], "tangle": ["fmr50_core"]}, "_Unstable/FMTowns_20240409.rbf": {"hash": "1f4263fc2966ebb6479c2e6832d105d1", "size": 4460672, "tags": [23, 51, 59], "tangle": ["fmtowns_core"]}, "_Unstable/FMTowns_20251115.rbf": {"hash": "9c595cb2a4ec1e7e52720af931d4c966", "size": 4195040, "tags": [23, 51, 59], "tangle": ["fmtowns_core"]}, "_Unstable/FMTowns_20260116.rbf": {"hash": "a8f22c5099d4be099ae22dc243bb7835", "size": 4204440, "tags": [23, 51, 59], "tangle": ["fmtowns_core"]}, "_Unstable/GBA_accuracy_20250810.rbf": {"hash": "955326621b0a168283c1818ad0a9e88b", "size": 4084124, "tags": [23, 51, 60], "tangle": ["gba_accuracy_core"]}, "_Unstable/Gigatron_beta_20210523.rbf": {"hash": "c554eeac4d0cfda761ce3eab59aa33b9", "size": 2778708, "tags": [23, 51, 61], "tangle": ["gigatron_beta_core"]}, "_Unstable/Hack_20200518.rbf": {"hash": "4f1617ef0373360238afeabf5f1df2ac", "size": 2751572, "tags": [23, 33, 51], "tangle": ["hack_core"]}, "_Unstable/Jaguar_ReworkDual_20251215.rbf": {"hash": "430b7fe27d4d65394798979a90a893ef", "size": 3643508, "tags": [23, 51, 62], "tangle": ["jaguar_reworkdual_core"]}, "_Unstable/Jaguar_ReworkSingle_20251215.rbf": {"hash": "43b123a448527c2ed3e02689bc77c835", "size": 4251932, "tags": [23, 51, 63], "tangle": ["jaguar_reworksingle_core"]}, "_Unstable/Konix_20220526.rbf": {"hash": "76aabf3e0d9c48d39776de5dadd07423", "size": 3741652, "tags": [23, 51, 66], "tangle": ["konix_core"]}, "_Unstable/LM80C_20250429.rbf": {"hash": "88074407136043f22a6923c964b383e6", "size": 2873116, "tags": [23, 36, 51], "tangle": ["lm80c_core"]}, "_Unstable/Laser500_20250228.rbf": {"hash": "1993ae0eab01ce206615419a2907948b", "size": 3268940, "tags": [23, 35, 51], "tangle": ["laser500_core"]}, "_Unstable/PCFX_20260102.rbf": {"hash": "4d7fb4e91c84c3ce9f3b2216f2e1623f", "size": 3571632, "tags": [23, 40, 51], "tangle": ["pcfx_core"]}, "_Unstable/PartyParrot_20230925.rbf": {"hash": "a6eb3ab78a03dca07172f7cb664aaa19", "size": 2882876, "tags": [23, 51, 69], "tangle": ["partyparrot_core"]}, "_Unstable/RCAStudioII_20250228.rbf": {"hash": "4ed19fb445744daf181d2f58d331dd7f", "size": 2485072, "tags": [23, 42, 51], "tangle": ["rcastudioii_core"]}, "_Unstable/Snakegame_20250708.rbf": {"hash": "c220d104cb3549aa8497f156fc56839a", "size": 2483540, "tags": [23, 51, 70], "tangle": ["snakegame_core"]}, "_Unstable/Sorcerer_20250303.rbf": {"hash": "ef0c7a1e17d2d60e0dbf178f6afdeb36", "size": 2691452, "tags": [23, 43, 51], "tangle": ["sorcerer_core"]}, "_Unstable/TK2000_20250726.rbf": {"hash": "c50243b9c6d765251eafcdd7960e9405", "size": 2730144, "tags": [23, 51, 73], "tangle": ["tk2000_core"]}, "_Unstable/Tamagotchi_20230427.rbf": {"hash": "5e7eb429f758c17bdc2c4afb8d9b74af", "size": 3276452, "tags": [23, 45, 51], "tangle": ["tamagotchi_core"]}, "_Unstable/Zet98_20210217.rbf": {"hash": "dab54e60fd07f054c29c0d70c3a4f086", "size": 3702240, "tags": [23, 48, 51], "tangle": ["zet98_core"]}, "_Unstable/enterprise_20220501.rbf": {"hash": "b71e9df9813cbd08e0a52a60e1c70b67", "size": 2820096, "tags": [23, 32, 51], "tangle": ["enterprise_core"]}, "_Unstable/jtsdram48_20210108.rbf": {"hash": "cbcc2f3ca9431f9eb8a8d4a7ea74d750", "size": 2550292, "tags": [23, 51, 64], "tangle": ["jtsdram48_core"]}, "_Unstable/jtsdram96_20210108.rbf": {"hash": "8b24e8231faaf6f3255b6773a6787f95", "size": 2527516, "tags": [23, 51, 65], "tangle": ["jtsdram96_core"]}, "_Unstable/mandelbrot_20210516.rbf": {"hash": "95b7ccded2d46e2b8fa24e1725281441", "size": 4060584, "tags": [23, 51, 67], "tangle": ["mandelbrot_core"]}, "_Unstable/mo.rbf": {"hash": "589fea416be5cb6e358703fe505d98ee", "size": 2935016, "tags": [23, 51, 68]}, "_Unstable/ss20.rbf": {"hash": "af815e8f3c7e1d9236d94e5b8d67fd9c", "size": 3904456, "tags": [23, 51, 71]}, "_Unstable/ss5.rbf": {"hash": "16904ad06ca1d0de2c209e471b356c05", "size": 3215924, "tags": [23, 51, 72]}, "config/Battletoads.CFG": {"hash": "d375c7167a0be0f3cc5d49884d9fb49c", "size": 16, "tags": [25]}, "|docs/Jaguar/Atari Jaguar Controller Overlays.pdf": {"hash": "4745b9258079fde5d4c808680bdad4a5", "size": 359540, "tags": [26, 27]}, "|games/ABC80/boot.rom": {"hash": "0d7c500e18f526471196b04301e13834", "overwrite": false, "size": 20736, "tags": [28, 29, 30]}, "|games/Battletoads/btc0-p0.bin": {"hash": "4115131384c96a80aa46b03ccfab2c6c", "size": 4194304, "tags": [24, 28, 31]}, "|games/Battletoads/btc0-p1.bin": {"hash": "84de8fc9dbf577344b44ce7c1e2ae3ce", "size": 4194304, "tags": [24, 28, 31]}, "|games/Battletoads/btc0-s.bin": {"hash": "0b590c14aabc49cf43bc39bf18a625d2", "size": 2097152, "tags": [24, 28, 31]}, "|games/Enterprise/boot.rom": {"hash": "43cfbc4841c8e863df0996485fd8d68e", "overwrite": false, "size": 163840, "tags": [28, 30, 32]}, "|games/Hack/Pong.bin": {"hash": "3fa4f68fb768c2dccaf5f644493b5f3c", "size": 54966, "tags": [28, 31, 33]}, "|games/KonixMultisystem/KONIX_ARK_A_HACK.P88": {"hash": "0e138bab40e0f0e12420d3540399a3f5", "size": 1774, "tags": [28, 31, 34]}, "|games/KonixMultisystem/KONIX_ATTACK_OF_THE_MUTANT_CAMELS_V0_4.P88": {"hash": "401bfbc9532c2e175d2e6a507bc39707", "size": 131999, "tags": [28, 31, 34]}, "|games/KonixMultisystem/KONIX_ATTACK_OF_THE_MUTANT_CAMELS_V0_4_FIXED.P88": {"hash": "a145811e8e39ecac2990eb9fcd871a80", "size": 131998, "tags": [28, 31, 34]}, "|games/KonixMultisystem/KONIX_BALL_DEMO.P88": {"hash": "858ff9f597537458b6f1efc681b9e238", "size": 842, "tags": [28, 31, 34]}, "|games/KonixMultisystem/KONIX_BLITTER_TEST.P88": {"hash": "f808083604b6941c58629198496f3fe5", "size": 11422, "tags": [28, 31, 34]}, "|games/KonixMultisystem/KONIX_DSP_POLYGON_DEMO.P88": {"hash": "63ccf2cf85651b8fc29e9b87846aa31b", "size": 3850, "tags": [28, 31, 34]}, "|games/KonixMultisystem/KONIX_LINE_TEST.P88": {"hash": "146eac62d8e4738c70ef3156d0d5e422", "size": 605, "tags": [28, 31, 34]}, "|games/KonixMultisystem/KONIX_SCROLLING_DEMO.P88": {"hash": "02cd527266b7f38e99e9cef38369c4fb", "size": 4967, "tags": [28, 31, 34]}, "|games/KonixMultisystem/KONIX_TEST_RAM.P88": {"hash": "9cd71ac21fa84bfd1963dec6431884bc", "size": 306, "tags": [28, 31, 34]}, "|games/KonixMultisystem/KONIX_TEST_VIDEO_PAGING.P88": {"hash": "809255de126d60f2af0be10a1fa259b4", "size": 193, "tags": [28, 31, 34]}, "|games/KonixMultisystem/README.TXT": {"hash": "8189628457700c6a14bba4d67d97efad", "size": 2956, "tags": [28, 31, 34]}, "|games/LASER500/boot.rom": {"hash": "2b3db0b30f1532c975dcd0fc25d07642", "overwrite": false, "size": 196608, "tags": [28, 30, 35]}, "|games/LM80C/boot.rom": {"hash": "6e15b6db9f39b06393cc7d337815ba56", "overwrite": false, "size": 25992, "tags": [28, 30, 36]}, "|games/N64/WIP Core Test ROMs/2 Blokes & An Armchair - N64 Remix Remix by Tesko (PD).z64": {"hash": "d41d8cd98f00b204e9800998ecf8427e", "size": 0, "tags": [28, 31, 37, 39]}, "|games/N64/WIP Core Test ROMs/240pSuite.z64": {"hash": "c7d4afae2eb4c906fd09382ad9122b2f", "size": 6421760, "tags": [28, 31, 37, 39]}, "|games/N64/WIP Core Test ROMs/My Angel Demo (PD).z64": {"hash": "d41d8cd98f00b204e9800998ecf8427e", "size": 0, "tags": [28, 31, 37, 39]}, "|games/N64/WIP Core Test ROMs/N64NICCC.N64": {"hash": "8769f45907c92079a6b1660ef2970837", "size": 1052672, "tags": [28, 31, 37, 39]}, "|games/N64/WIP Core Test ROMs/NDDT Monitor v1.0.0 (PD).z64": {"hash": "d41d8cd98f00b204e9800998ecf8427e", "size": 0, "tags": [28, 31, 37, 39]}, "|games/N64/WIP Core Test ROMs/flames.n64": {"hash": "ba145d51b681ef4432db59c1da703047", "size": 237440, "tags": [28, 31, 37, 39]}, "|games/N64/WIP Core Test ROMs/sm64_no_face.z64": {"hash": "11d0063499242931e4c5c67c46033937", "size": 8388608, "tags": [28, 31, 37, 39]}, "|games/N64/systemtest/n64-systemtest_all.z64": {"hash": "0c2f4a0da7c61e3ef568c96016371343", "size": 3145728, "tags": [28, 31, 37, 38]}, "|games/N64/systemtest/n64-systemtest_alu.z64": {"hash": "a24e86bb4b20c927df5c4c64da3c5cbd", "size": 1052672, "tags": [28, 31, 37, 38]}, "|games/N64/systemtest/n64-systemtest_cartRW.z64": {"hash": "9c1e431e487a896994e2587a2798f062", "size": 1052672, "tags": [28, 31, 37, 38]}, "|games/N64/systemtest/n64-systemtest_cop0.z64": {"hash": "021c8ab4b616d545f069af95c7bddd76", "size": 1052672, "tags": [28, 31, 37, 38]}, "|games/N64/systemtest/n64-systemtest_empty.z64": {"hash": "1c518275f453d31c28b2baeb5f1f99f1", "size": 1052672, "tags": [28, 31, 37, 38]}, "|games/N64/systemtest/n64-systemtest_exception_instr.z64": {"hash": "60c26e9481502ecba63e26426d79e600", "size": 1052672, "tags": [28, 31, 37, 38]}, "|games/N64/systemtest/n64-systemtest_fpu.z64": {"hash": "2c6b190028e6e5a34efbe0ba0485dad7", "size": 1052672, "tags": [28, 31, 37, 38]}, "|games/N64/systemtest/n64-systemtest_jumps.z64": {"hash": "e19deb644df9451ac58a1295ed2d3bc0", "size": 1052672, "tags": [28, 31, 37, 38]}, "|games/N64/systemtest/n64-systemtest_notlb.z64": {"hash": "762e52dd3d9a6845a62fd380e6512b9d", "size": 3145728, "tags": [28, 31, 37, 38]}, "|games/N64/systemtest/n64-systemtest_notlb_noCartRW.z64": {"hash": "d96982d441249605643f22d07aac6808", "size": 3145728, "tags": [28, 31, 37, 38]}, "|games/N64/systemtest/n64-systemtest_overflow_exception.z64": {"hash": "81e5baab82df5f2de4cc584adb2f0c55", "size": 1052672, "tags": [28, 31, 37, 38]}, "|games/N64/systemtest/n64-systemtest_rsp.z64": {"hash": "04615460eb3a05688ef90967a052f589", "size": 1052672, "tags": [28, 31, 37, 38]}, "|games/N64/systemtest/n64-systemtest_tlb.z64": {"hash": "27555053f8834673197d4b2d50744ada", "size": 1052672, "tags": [28, 31, 37, 38]}, "|games/N64/systemtest/n64-systemtest_traps.z64": {"hash": "5321df9efcece8e047e5f789dea72e58", "size": 1052672, "tags": [28, 31, 37, 38]}, "|games/PCFX/PCFX - BIOS Files/pcfx.rom": {"hash": "08e36edbea28a017f79f8d4f7ff9b6d7", "size": 1048576, "tags": [28, 31, 40, 41]}, "|games/PCFX/PCFX - BIOS Files/pcfxga.rom": {"hash": "5885bc9a64bf80d4530b9b9b978ff587", "size": 1048576, "tags": [28, 31, 40, 41]}, "|games/PCFX/boot.rom": {"hash": "08e36edbea28a017f79f8d4f7ff9b6d7", "overwrite": false, "size": 1048576, "tags": [28, 30, 40]}, "|games/RCA-StudioII/boot.rom": {"hash": "b37205bf19b197682f00619d05da194b", "overwrite": false, "size": 2048, "tags": [28, 30, 42]}, "|games/Sorcerer/Extended Basic (19xx)(Exidy Inc.).bin": {"hash": "109028fc5eb0aa984b126a4e1e6ca441", "size": 8192, "tags": [28, 31, 43]}, "|games/Sorcerer/boot.rom": {"hash": "42076c1acf745415bad7817b7218ced0", "overwrite": false, "size": 5152, "tags": [28, 30, 43]}, "|games/SparcStation/boot.rom": {"hash": "969aa8ee081bccb4e9382afbc0d973d4", "overwrite": false, "size": 389464, "tags": [28, 30, 44]}, "|games/TOWNS/boot.rom": {"hash": "21c1752e1c3a2d510fdfa1501e7a9a25", "overwrite": false, "size": 2097152, "tags": [28, 30, 47]}, "|games/Tamagotchi/README.md": {"hash": "a97dfc2b5990534e7ca61a535e2aa38a", "size": 218, "tags": [28, 31, 45]}, "|games/Tamagotchi/background_gen2.bin": {"hash": "8c4bb0f6921828d47948eccfa538ed2c", "size": 259200, "tags": [28, 31, 45]}, "|games/Tamagotchi/boot1.rom": {"hash": "02f93e5fc224045d2213b5e0fe87f58b", "overwrite": false, "size": 259200, "tags": [28, 30, 45]}, "|games/Tamagotchi/boot2.rom": {"hash": "e37f7d2c0e555660e258ac13b1f4c780", "size": 20000, "tags": [28, 30, 45]}, "|games/Tamagotchi/tama.bin": {"hash": "3fce172403c27274e59723bbb9f6d8e9", "size": 12288, "tags": [28, 31, 45]}, "|games/TomyTutor/Pyuta.rom": {"hash": "a2034c21bd901baceb05d74a809dd990", "size": 32768, "tags": [28, 30, 46]}, "|games/TomyTutor/PyutaJr.rom": {"hash": "70b9d225f71c6cd7a112999fe8e28024", "size": 16384, "tags": [28, 30, 46]}, "|games/TomyTutor/Tutor.rom": {"hash": "c04b9db8080410a468e45eda9eb2b232", "size": 49152, "tags": [28, 30, 46]}, "|games/Zet98/boot.rom": {"hash": "73fcde408c51bea3b23ba5b7c66be37d", "overwrite": false, "size": 550912, "tags": [28, 30, 48]}}, "folders": {"_Arcade": {"tags": [18]}, "_Arcade/cores": {"tags": [18, 23]}, "_Unstable": {"tags": [51]}, "config": {"tags": [25]}, "|docs": {"tags": [26]}, "|docs/Jaguar": {"tags": [26, 27]}, "|games": {"tags": [28]}, "|games/ABC80": {"tags": [28, 29]}, "|games/Battletoads": {"tags": [24, 28]}, "|games/Enterprise": {"tags": [28, 32]}, "|games/Hack": {"tags": [28, 33]}, "|games/KonixMultisystem": {"tags": [28, 34]}, "|games/LASER500": {"tags": [28, 35]}, "|games/LM80C": {"tags": [28, 36]}, "|games/N64": {"tags": [28, 37]}, "|games/N64/WIP Core Test ROMs": {"tags": [28, 31, 37]}, "|games/N64/systemtest": {"tags": [28, 31, 37]}, "|games/PCFX": {"tags": [28, 40]}, "|games/PCFX/PCFX - BIOS Files": {"tags": [28, 31, 40]}, "|games/RCA-StudioII": {"tags": [28, 42]}, "|games/Sorcerer": {"tags": [28, 43]}, "|games/SparcStation": {"tags": [28, 44]}, "|games/TOWNS": {"tags": [28, 47]}, "|games/Tamagotchi": {"tags": [28, 45]}, "|games/TomyTutor": {"tags": [28, 46]}, "|games/Zet98": {"tags": [28, 48]}}, "tag_dictionary": {"240psuite": 52, "2ndrammemtest": 53, "abc80": 29, "arcade": 18, "arcadebattletoads": 49, "arcadecores": 18, "arcaderbfsonly": 50, "basicmasterjr": 54, "battletoads": 24, "bios": 30, "bubbleuniverse": 55, "cdidvcrc3": 56, "config": 25, "cores": 23, "docs": 26, "enterprise": 32, "extrautilities": 31, "f68kmister": 57, "fmr50": 58, "fmtowns": 59, "games": 28, "gbaaccuracy": 60, "gigatronbeta": 61, "hack": 33, "jaguar": 27, "jaguarreworkdual": 62, "jaguarreworksingle": 63, "jtsdram48": 64, "jtsdram96": 65, "konix": 66, "konixmultisystem": 34, "laser500": 35, "lm80c": 36, "mandelbrot": 67, "mgl": 22, "mo": 68, "n64": 37, "partyparrot": 69, "pcfx": 40, "pcfxbiosfiles": 41, "rcastudioii": 42, "snakegame": 70, "sorcerer": 43, "sparcstation": 44, "ss20": 71, "ss5": 72, "systemtest": 38, "tamagotchi": 45, "tk2000": 73, "tomytutor": 46, "towns": 47, "unstable": 51, "wipcoretestroms": 39, "zet98": 48}, "timestamp": 1770224901}